tax_id	abundance	species	genus	family	order	class	phylum	clade	superkingdom	subspecies	species subgroup	species group	estimated counts
294	0.0009336048713711628	Pseudomonas fluorescens	Pseudomonas	Pseudomonadaceae	Pseudomonadales	Gammaproteobacteria	Proteobacteria		Bacteria			Pseudomonas fluorescens group	51.149410087811894
317	0.00045427530564138543	Pseudomonas syringae	Pseudomonas	Pseudomonadaceae	Pseudomonadales	Gammaproteobacteria	Proteobacteria		Bacteria		Pseudomonas syringae group genomosp. 1	Pseudomonas syringae group	24.888381170174583
2527962	0.0007707687286628356	Planctomycetes bacterium K2D					Planctomycetes	PVC group	Bacteria				42.22810633725077
2528010	0.002927797605019469	Planctomycetes bacterium Pla85_3_4					Planctomycetes	PVC group	Bacteria				160.40524738620167
670291	0.0004731424504838041	Microvirga aerophila	Microvirga	Methylobacteriaceae	Rhizobiales	Alphaproteobacteria	Proteobacteria		Bacteria				25.922055434656176
987056	0.0003158012184274504	Rhodoligotrophos appendicifer	Rhodoligotrophos	Rhodobiaceae	Rhizobiales	Alphaproteobacteria	Proteobacteria		Bacteria				17.301801353984725
2580413	0.002081794546892806	Microvirga brassicacearum	Microvirga	Methylobacteriaceae	Rhizobiales	Alphaproteobacteria	Proteobacteria		Bacteria				114.05527784061616
652764	0.0007167567892974959	Azospirillum sp. TSH100	Azospirillum	Rhodospirillaceae	Rhodospirillales	Alphaproteobacteria	Proteobacteria		Bacteria				39.268954215241905
186651	0.0016037861429300778	Microvirga subterranea	Microvirga	Methylobacteriaceae	Rhizobiales	Alphaproteobacteria	Proteobacteria		Bacteria				87.86663141271018
1854496	0.0004032702980631742	Microvirga soli	Microvirga	Methylobacteriaceae	Rhizobiales	Alphaproteobacteria	Proteobacteria		Bacteria				22.093969819987123
1458336	0.0726587272393573	Brevitalea aridisoli	Brevitalea	Pyrinomonadaceae	Blastocatellales	Blastocatellia	Acidobacteria		Bacteria				3980.7536892626686
1603870	0.2993661405641877	Brevitalea deliciosa	Brevitalea	Pyrinomonadaceae	Blastocatellales	Blastocatellia	Acidobacteria		Bacteria				16401.372743090153
1612172	0.059600307502136525	Vicinamibacter silvestris	Vicinamibacter	Vicinamibacteraceae		Vicinamibacteria	Acidobacteria		Bacteria				3265.3220471195536
1855912	0.013870520506420231	Luteitalea pratensis	Luteitalea	Vicinamibacteraceae		Vicinamibacteria	Acidobacteria		Bacteria				759.9242069852452
1904640	0.003981620018603976	Betaproteobacteria bacterium GR16-43				Betaproteobacteria	Proteobacteria		Bacteria				218.14101595925604
136996	0.0009429970202563391	Bradyrhizobium lupini	Bradyrhizobium	Bradyrhizobiaceae	Rhizobiales	Alphaproteobacteria	Proteobacteria		Bacteria				51.66397774878405
376	0.0008549011326373475	Bradyrhizobium sp.	Bradyrhizobium	Bradyrhizobiaceae	Rhizobiales	Alphaproteobacteria	Proteobacteria		Bacteria				46.83746835380236
375	0.0016614188784294037	Bradyrhizobium japonicum	Bradyrhizobium	Bradyrhizobiaceae	Rhizobiales	Alphaproteobacteria	Proteobacteria		Bacteria				91.02415609251175
1325107	0.0035431219052562183	Bradyrhizobium zhanjiangense	Bradyrhizobium	Bradyrhizobiaceae	Rhizobiales	Alphaproteobacteria	Proteobacteria		Bacteria				194.11701982327244
2578114	0.001431224470164684	Bradyrhizobium sp. KBS0727	Bradyrhizobium	Bradyrhizobiaceae	Rhizobiales	Alphaproteobacteria	Proteobacteria		Bacteria				78.41249504691254
2578113	0.0013345136364655448	Bradyrhizobium sp. KBS0725	Bradyrhizobium	Bradyrhizobiaceae	Rhizobiales	Alphaproteobacteria	Proteobacteria		Bacteria				73.1139986010378
1404367	0.00040560412933611257	Bradyrhizobium symbiodeficiens	Bradyrhizobium	Bradyrhizobiaceae	Rhizobiales	Alphaproteobacteria	Proteobacteria		Bacteria				22.2218334339376
1274631	0.001468397125829116	Bradyrhizobium icense	Bradyrhizobium	Bradyrhizobiaceae	Rhizobiales	Alphaproteobacteria	Proteobacteria		Bacteria				80.44907333279977
190148	0.0025285980582167317	Bradyrhizobium paxllaeri	Bradyrhizobium	Bradyrhizobiaceae	Rhizobiales	Alphaproteobacteria	Proteobacteria		Bacteria				138.53430181552008
1518501	0.0005343517918128644	Bradyrhizobium valentinum	Bradyrhizobium	Bradyrhizobiaceae	Rhizobiales	Alphaproteobacteria	Proteobacteria		Bacteria				29.2755316180514
1654716	0.0004529778906920022	Bradyrhizobium viridifuturi	Bradyrhizobium	Bradyrhizobiaceae	Rhizobiales	Alphaproteobacteria	Proteobacteria		Bacteria				24.817299697342726
1904807	0.0006354125382767281	Bradyrhizobium mercantei	Bradyrhizobium	Bradyrhizobiaceae	Rhizobiales	Alphaproteobacteria	Proteobacteria		Bacteria				34.8123467345671
44255	0.0002710032314809979	Bradyrhizobium oligotrophicum	Bradyrhizobium	Bradyrhizobiaceae	Rhizobiales	Alphaproteobacteria	Proteobacteria		Bacteria				14.847454043149433
1897628	0.0018170181716995592	Rhodoplanes azumiensis	Rhodoplanes	Hyphomicrobiaceae	Rhizobiales	Alphaproteobacteria	Proteobacteria		Bacteria				99.54897457290375
2662614	0.004208410422308724	Terrimonas suqianensis	Terrimonas	Chitinophagaceae	Chitinophagales	Chitinophagia	Bacteroidetes	FCB group	Bacteria				230.56618180702804
249	0.0004997015808121448	Terrimonas ferruginea	Terrimonas	Chitinophagaceae	Chitinophagales	Chitinophagia	Bacteroidetes	FCB group	Bacteria				27.377150507954976
1038693	0.0012079884081176867	Terrimonas pekingensis	Terrimonas	Chitinophagaceae	Chitinophagales	Chitinophagia	Bacteroidetes	FCB group	Bacteria				66.1820609155437
1867851	0.0006193218442485036	Terrimonas crocea	Terrimonas	Chitinophagaceae	Chitinophagales	Chitinophagia	Bacteroidetes	FCB group	Bacteria				33.93078588084277
2024524	0.009355152553934102	Terrimonas soli	Terrimonas	Chitinophagaceae	Chitinophagales	Chitinophagia	Bacteroidetes	FCB group	Bacteria				512.5407429723876
29542	0.0006083360969787062	Pelobacter acetylenicus	Pelobacter	Desulfuromonadaceae	Desulfuromonadales	Deltaproteobacteria	Proteobacteria		Bacteria				33.328909745172375
1823759	0.001196660157011906	Desulfuromonas sp. DDH964	Desulfuromonas	Desulfuromonadaceae	Desulfuromonadales	Deltaproteobacteria	Proteobacteria		Bacteria				65.5614200222113
1603606	0.0003616203333645782	Desulfuromonas soudanensis	Desulfuromonas	Desulfuromonadaceae	Desulfuromonadales	Deltaproteobacteria	Proteobacteria		Bacteria				19.812093204045144
351604	0.00032885820239548293	Geobacter uraniireducens	Geobacter	Geobacteraceae	Desulfuromonadales	Deltaproteobacteria	Proteobacteria		Bacteria				18.017154334641322
225194	0.0006794833617786421	Geobacter bemidjiensis	Geobacter	Geobacteraceae	Desulfuromonadales	Deltaproteobacteria	Proteobacteria		Bacteria				37.22685494176647
120962	0.0012240177817237352	Roseiflexus castenholzii	Roseiflexus	Roseiflexaceae	Chloroflexales	Chloroflexia	Chloroflexi	Terrabacteria group	Bacteria				67.06026220729828
357808	0.00044271093290201423	Roseiflexus sp. RS-1	Roseiflexus	Roseiflexaceae	Chloroflexales	Chloroflexia	Chloroflexi	Terrabacteria group	Bacteria				24.254803880902653
2601677	0.0013826280662040588	Tepidiforma bonchosmolovskayae	Tepidiforma	Tepidiformaceae	Tepidiformales	Tepidiformia	Chloroflexi	Terrabacteria group	Bacteria				75.75004386312177
2057	0.0010919758699802493	Sphaerobacter thermophilus	Sphaerobacter	Sphaerobacteraceae	Sphaerobacterales	Thermomicrobia	Chloroflexi	Terrabacteria group	Bacteria				59.82608198860792
1204385	0.0007605030842275502	Litorilinea aerophila	Litorilinea	Caldilineaceae	Caldilineales	Caldilineae	Chloroflexi	Terrabacteria group	Bacteria				41.66568247557479
1081799	0.00043294084390065843	Thermomarinilinea lacunifontana	Thermomarinilinea	Anaerolineaceae	Anaerolineales	Anaerolineae	Chloroflexi	Terrabacteria group	Bacteria				23.719530014785374
35839	0.0008130512688757361	Holophaga foetida	Holophaga	Holophagaceae	Holophagales	Holophagae	Acidobacteria		Bacteria				44.54463986789495
1882682	0.0042306050949261565	Microvirga ossetica	Microvirga	Methylobacteriaceae	Rhizobiales	Alphaproteobacteria	Proteobacteria		Bacteria				231.78216133571934
1402137	0.0007423862828570537	Microvirga zambiensis	Microvirga	Methylobacteriaceae	Rhizobiales	Alphaproteobacteria	Proteobacteria		Bacteria				40.6731172788894
670292	0.0004628130473311663	Microvirga aerilata	Microvirga	Methylobacteriaceae	Rhizobiales	Alphaproteobacteria	Proteobacteria		Bacteria				25.356138424132606
1458337	0.0021906088995378805	Stenotrophobacter terrae	Stenotrophobacter	Blastocatellaceae	Blastocatellales	Blastocatellia	Acidobacteria		Bacteria				120.01688977898186
465721	0.009907887028319838	Steroidobacter denitrificans	Steroidobacter	Steroidobacteraceae	Nevskiales	Gammaproteobacteria	Proteobacteria		Bacteria				542.823406620559
732238	0.008835825965411385	Povalibacter uvarum	Povalibacter	Steroidobacteraceae	Nevskiales	Gammaproteobacteria	Proteobacteria		Bacteria				484.08839716699356
543615	0.0003598621159881458	Solitalea koreensis	Solitalea	Sphingobacteriaceae	Sphingobacteriales	Sphingobacteriia	Bacteroidetes	FCB group	Bacteria				19.715765748642543
1005039	0.0006250236751392084	Fimbriimonas ginsengisoli	Fimbriimonas	Fimbriimonadaceae	Fimbriimonadales	Fimbriimonadia	Armatimonadetes	Terrabacteria group	Bacteria				34.24317208985181
1842532	0.0004649882597282322	Pelobacter sp. SFB93	Pelobacter	Desulfuromonadaceae	Desulfuromonadales	Deltaproteobacteria	Proteobacteria		Bacteria				25.475311785730657
19	0.00027832924863134496	Pelobacter carbinolicus	Pelobacter	Desulfuromonadaceae	Desulfuromonadales	Deltaproteobacteria	Proteobacteria		Bacteria				15.248824544765496
29543	0.0005101424692154114	Pelobacter propionicus	Pelobacter	Desulfuromonadaceae	Desulfuromonadales	Deltaproteobacteria	Proteobacteria		Bacteria				27.949175460904744
35554	0.00033798033801000647	Geobacter sulfurreducens	Geobacter	Geobacteraceae	Desulfuromonadales	Deltaproteobacteria	Proteobacteria		Bacteria				18.516928778554224
1203471	0.000575829840845755	Geobacter daltonii	Geobacter	Geobacteraceae	Desulfuromonadales	Deltaproteobacteria	Proteobacteria		Bacteria				31.54798949041638
225196	0.00031691623454927696	Geopsychrobacter electrodiphilus	Geopsychrobacter	Geobacteraceae	Desulfuromonadales	Deltaproteobacteria	Proteobacteria		Bacteria				17.362889742251237
443143	0.0003063695424836889	Geobacter sp. M18	Geobacter	Geobacteraceae	Desulfuromonadales	Deltaproteobacteria	Proteobacteria		Bacteria				16.785068124053865
200615	0.0011968877985900424	Rhodoplanes serenus	Rhodoplanes	Hyphomicrobiaceae	Rhizobiales	Alphaproteobacteria	Proteobacteria		Bacteria				65.57389182135265
167468	0.0004656368355343101	Bradyrhizobium sp. ORS 3257	Bradyrhizobium	Bradyrhizobiaceae	Rhizobiales	Alphaproteobacteria	Proteobacteria		Bacteria				25.510845308418247
1897629	0.001905936862576182	Rhodoplanes tepidicaeni	Rhodoplanes	Hyphomicrobiaceae	Rhizobiales	Alphaproteobacteria	Proteobacteria		Bacteria				104.42056288996127
1333996	0.0007113875761756316	Variibacter gotjawalensis	Variibacter	Bradyrhizobiaceae	Rhizobiales	Alphaproteobacteria	Proteobacteria		Bacteria				38.974791135934325
200616	0.00046042048048716916	Rhodoplanes tepidamans	Rhodoplanes	Hyphomicrobiaceae	Rhizobiales	Alphaproteobacteria	Proteobacteria		Bacteria				25.225056864450536
1076	0.0008464522696604456	Rhodopseudomonas palustris	Rhodopseudomonas	Bradyrhizobiaceae	Rhizobiales	Alphaproteobacteria	Proteobacteria		Bacteria				46.37458049788683
1546155	0.0034307017442339483	Tepidisphaera mucosa	Tepidisphaera	Tepidisphaeraceae	Tepidisphaerales	Phycisphaerae	Planctomycetes	PVC group	Bacteria				187.95785646134533
674703	0.012534920839062571	Rhodoplanes sp. Z2-YC6860	Rhodoplanes	Hyphomicrobiaceae	Rhizobiales	Alphaproteobacteria	Proteobacteria		Bacteria				686.750708009721
1867774	0.0021650194933878625	Aliidongia dinghuensis	Aliidongia	Rhodospirillaceae	Rhodospirillales	Alphaproteobacteria	Proteobacteria		Bacteria				118.61492298424082
1331911	0.0005507186158458943	Thermogutta hypogea	Thermogutta	Thermoguttaceae	Pirellulales	Planctomycetia	Planctomycetes	PVC group	Bacteria				30.17222080634901
1742923	0.010068617988049897	Thermostilla marina	Thermostilla	Thermoguttaceae	Pirellulales	Planctomycetia	Planctomycetes	PVC group	Bacteria				551.6293737112898
2528009	0.0013224428435495011	Planctomycetes bacterium Pla175					Planctomycetes	PVC group	Bacteria				72.45267606954651
2528021	0.0067943322361628386	Planctomycetes bacterium ETA_A8					Planctomycetes	PVC group	Bacteria				372.2410802226534
125	0.005212590743836684	Pirellula staleyi	Pirellula	Pirellulaceae	Pirellulales	Planctomycetia	Planctomycetes	PVC group	Bacteria				285.5822090825804
2527988	0.0002455439093242818	Planctomycetes bacterium CA11					Planctomycetes	PVC group	Bacteria				13.452614160149427
122	0.0002856434922539293	Gimesia maris	Gimesia	Planctomycetaceae	Planctomycetales	Planctomycetia	Planctomycetes	PVC group	Bacteria				15.649550010116027
2528028	0.00044096947042055796	Planctomycetes bacterium Pan110					Planctomycetes	PVC group	Bacteria				24.159394375931107
2528029	0.0005928517939658017	Planctomycetes bacterium Pan153					Planctomycetes	PVC group	Bacteria				32.48057123600437
2528026	0.0009635006373601229	Planctomycetes bacterium Mal4					Planctomycetes	PVC group	Bacteria				52.78730941904905
360056	0.0005216582189532538	Schlesneria paludicola	Schlesneria	Planctomycetaceae	Planctomycetales	Planctomycetia	Planctomycetes	PVC group	Bacteria				28.580088841791916
1632864	0.001685880926561343	Planctomyces sp. SH-PL14	Planctomyces	Planctomycetaceae	Planctomycetales	Planctomycetia	Planctomycetes	PVC group	Bacteria				92.3643583235163
94	0.0017649098395527063	Stella humosa	Stella	Acetobacteraceae	Rhodospirillales	Alphaproteobacteria	Proteobacteria		Bacteria				96.69411537957411
1817965	0.0016438370281826229	Skermanella rosea	Skermanella	Rhodospirillaceae	Rhodospirillales	Alphaproteobacteria	Proteobacteria		Bacteria				90.06089926304136
526216	0.00029915515947211553	Oceanibaculum indicum	Oceanibaculum	Rhodospirillaceae	Rhodospirillales	Alphaproteobacteria	Proteobacteria		Bacteria				16.389813721998795
1789672	0.00047666210810759496	Skermanella mucosa	Skermanella	Rhodospirillaceae	Rhodospirillales	Alphaproteobacteria	Proteobacteria		Bacteria				26.114886916890804
580166	0.0002985381213528723	Oceanibaculum pacificum	Oceanibaculum	Rhodospirillaceae	Rhodospirillales	Alphaproteobacteria	Proteobacteria		Bacteria				16.356008054559815
193	0.0007485656566635741	Azospirillum lipoferum	Azospirillum	Rhodospirillaceae	Rhodospirillales	Alphaproteobacteria	Proteobacteria		Bacteria				41.011666631627236
709810	0.0006608277967322791	Azospirillum sp. TSA2s	Azospirillum	Rhodospirillaceae	Rhodospirillales	Alphaproteobacteria	Proteobacteria		Bacteria				36.204772499571376
913326	0.0024389129295293204	Skermanella stibiiresistens	Skermanella	Rhodospirillaceae	Rhodospirillales	Alphaproteobacteria	Proteobacteria		Bacteria				133.6207226701229
363888	0.0011513234374830599	Tumebacillus ginsengisoli	Tumebacillus	Alicyclobacillaceae	Bacillales	Bacilli	Firmicutes	Terrabacteria group	Bacteria				63.0775571693844
1536774	0.0006318077142793265	Paenibacillus sp. FSL H7-0357	Paenibacillus	Paenibacillaceae	Bacillales	Bacilli	Firmicutes	Terrabacteria group	Bacteria				34.61484924222146
2507935	0.0019328618282003617	Cohnella abietis	Cohnella	Paenibacillaceae	Bacillales	Bacilli	Firmicutes	Terrabacteria group	Bacteria				105.89570098161322
1712516	0.0008986904421931022	Paenibacillus baekrokdamisoli	Paenibacillus	Paenibacillaceae	Bacillales	Bacilli	Firmicutes	Terrabacteria group	Bacteria				49.23655325643349
268404	0.0010723224337782454	Steroidobacter agariperforans	Steroidobacter	Steroidobacteraceae	Nevskiales	Gammaproteobacteria	Proteobacteria		Bacteria				58.74932917940873
1229656	0.0056054813923502355	Acidibacter ferrireducens	Acidibacter			Gammaproteobacteria	Proteobacteria		Bacteria				307.10750904269236
398045	0.0008113931799851071	Flavisolibacter ginsengiterrae	Flavisolibacter	Chitinophagaceae	Chitinophagales	Chitinophagia	Bacteroidetes	FCB group	Bacteria				44.45379815184406
462367	0.0002746578106307263	Flavisolibacter ginsengisoli	Flavisolibacter	Chitinophagaceae	Chitinophagales	Chitinophagia	Bacteroidetes	FCB group	Bacteria				15.047677471025603
1864941	0.0004117897601256092	Terrimonas terrae	Terrimonas	Chitinophagaceae	Chitinophagales	Chitinophagia	Bacteroidetes	FCB group	Bacteria				22.560725588001752
940145	0.00026828197368792205	Flavisolibacter rigui	Flavisolibacter	Chitinophagaceae	Chitinophagales	Chitinophagia	Bacteroidetes	FCB group	Bacteria				14.698364492440186
2315862	0.00226518828396059	Paraflavitalea soli	Paraflavitalea	Chitinophagaceae	Chitinophagales	Chitinophagia	Bacteroidetes	FCB group	Bacteria				124.10287051334883
661481	0.0009141919773836324	Flavisolibacter ginsenosidimutans	Flavisolibacter	Chitinophagaceae	Chitinophagales	Chitinophagia	Bacteroidetes	FCB group	Bacteria				50.08583586491707
869555	0.005257462011074188	Paenibacillus aceris	Paenibacillus	Paenibacillaceae	Bacillales	Bacilli	Firmicutes	Terrabacteria group	Bacteria				288.0405712007215
79263	0.0006614743874492279	Paenibacillus chitinolyticus	Paenibacillus	Paenibacillaceae	Bacillales	Bacilli	Firmicutes	Terrabacteria group	Bacteria				36.240197265180846
1143711	0.0005828806601798104	Paenibacillus frigoriresistens	Paenibacillus	Paenibacillaceae	Bacillales	Bacilli	Firmicutes	Terrabacteria group	Bacteria				31.93428272927127
363860	0.0017766574962812644	Paenibacillus pocheonensis	Paenibacillus	Paenibacillaceae	Bacillales	Bacilli	Firmicutes	Terrabacteria group	Bacteria				97.33773424876163
1619310	0.0017783587352275029	Paenibacillus marchantiophytorum	Paenibacillus	Paenibacillaceae	Bacillales	Bacilli	Firmicutes	Terrabacteria group	Bacteria				97.4309400269092
1983306	0.0005115128276419876	Edaphobaculum flavum	Edaphobaculum	Chitinophagaceae	Chitinophagales	Chitinophagia	Bacteroidetes	FCB group	Bacteria				28.024253288021573
2496847	0.0010920851142330803	Sterolibacteriaceae bacterium M52		Sterolibacteriaceae	Nitrosomonadales	Betaproteobacteria	Proteobacteria		Bacteria				59.83206715348777
2184083	0.000713902997350318	Thauera hydrothermalis	Thauera	Zoogloeaceae	Rhodocyclales	Betaproteobacteria	Proteobacteria		Bacteria				39.11260351583187
551760	0.0006565719829780324	Aromatoleum aromaticum	Aromatoleum	Rhodocyclaceae	Rhodocyclales	Betaproteobacteria	Proteobacteria		Bacteria				35.97160923141746
424218	0.0021039886036857513	Georgfuchsia toluolica	Georgfuchsia	Sterolibacteriaceae	Nitrosomonadales	Betaproteobacteria	Proteobacteria		Bacteria				115.27122363013126
42256	0.0014530948024548283	Rubrobacter radiotolerans	Rubrobacter	Rubrobacteraceae	Rubrobacterales	Rubrobacteria	Actinobacteria	Terrabacteria group	Bacteria				79.61070494209268
114	0.0008513364724462395	Gemmata obscuriglobus	Gemmata	Gemmataceae	Gemmatales	Planctomycetia	Planctomycetes	PVC group	Bacteria				46.64217131591212
386874	0.002954221025087055	Sphingomonas sediminicola	Sphingomonas	Sphingomonadaceae	Sphingomonadales	Alphaproteobacteria	Proteobacteria		Bacteria				161.8529073014445
1176646	0.004219030582767596	Sphingomonas daechungensis	Sphingomonas	Sphingomonadaceae	Sphingomonadales	Alphaproteobacteria	Proteobacteria		Bacteria				231.14802853808828
1178515	0.001843936719446815	Paenibacillus swuensis	Paenibacillus	Paenibacillaceae	Bacillales	Bacilli	Firmicutes	Terrabacteria group	Bacteria				101.02376104833266
1837343	0.001023745590211513	Paenibacillus qinlingensis	Paenibacillus	Paenibacillaceae	Bacillales	Bacilli	Firmicutes	Terrabacteria group	Bacteria				56.08794965091817
1969806	0.0029126376113204314	Acidibrevibacterium fodinaquatile	Acidibrevibacterium	Acetobacteraceae	Rhodospirillales	Alphaproteobacteria	Proteobacteria		Bacteria				159.57467681141247
279810	0.001028861275855005	Thiobacter subterraneus	Thiobacter		Burkholderiales	Betaproteobacteria	Proteobacteria		Bacteria				56.36822272026816
1926494	0.0007152139906342941	Paraburkholderia sp. SOS3	Paraburkholderia	Burkholderiaceae	Burkholderiales	Betaproteobacteria	Proteobacteria		Bacteria				39.184428904881074
1842540	0.0004345141295358693	Methyloversatilis sp. RAC08	Methyloversatilis	Sterolibacteriaceae	Nitrosomonadales	Betaproteobacteria	Proteobacteria		Bacteria				23.80572561488167
1465823	0.0006587164480021558	Noviherbaspirillum massiliense	Noviherbaspirillum	Oxalobacteraceae	Burkholderiales	Betaproteobacteria	Proteobacteria		Bacteria				36.08909803669411
1553431	0.000520753063221184	Mycoavidus cysteinexigens	Mycoavidus	Burkholderiaceae	Burkholderiales	Betaproteobacteria	Proteobacteria		Bacteria				28.53049807469901
1501230	0.0025443571490812457	Paenibacillus tyrfis	Paenibacillus	Paenibacillaceae	Bacillales	Bacilli	Firmicutes	Terrabacteria group	Bacteria				139.3976951267142
169760	0.0006306794246953185	Paenibacillus stellifer	Paenibacillus	Paenibacillaceae	Bacillales	Bacilli	Firmicutes	Terrabacteria group	Bacteria				34.55303364078242
1126833	0.0006185879323852653	Paenibacillus beijingensis	Paenibacillus	Paenibacillaceae	Bacillales	Bacilli	Firmicutes	Terrabacteria group	Bacteria				33.890577051591535
1560324	0.016616859418419908	Arenimicrobium luteum	Arenimicrobium	Pyrinomonadaceae	Blastocatellales	Blastocatellia	Acidobacteria		Bacteria				910.3878769569715
363832	0.001708426938891953	Solirubrobacter soli	Solirubrobacter	Solirubrobacteraceae	Solirubrobacterales	Thermoleophilia	Actinobacteria	Terrabacteria group	Bacteria				93.59958670107343
490573	0.0008641413728456064	Solirubrobacter ginsenosidimutans	Solirubrobacter	Solirubrobacteraceae	Solirubrobacterales	Thermoleophilia	Actinobacteria	Terrabacteria group	Bacteria				47.34371339409224
191495	0.0009449460335510819	Conexibacter woesei	Conexibacter	Conexibacteraceae	Solirubrobacterales	Thermoleophilia	Actinobacteria	Terrabacteria group	Bacteria				51.77075834016313
70995	0.000581753364259008	Lewinella cohaerens	Lewinella	Lewinellaceae	Saprospirales	Saprospiria	Bacteroidetes	FCB group	Bacteria				31.87252156765827
70997	0.0005675397509035729	Flavilitoribacter nigricans	Flavilitoribacter	Lewinellaceae	Saprospirales	Saprospiria	Bacteroidetes	FCB group	Bacteria				31.093800332754046
1564516	0.0007900703919233389	Phaeodactylibacter luteus	Phaeodactylibacter	Haliscomenobacteraceae	Saprospirales	Saprospiria	Bacteroidetes	FCB group	Bacteria				43.28558656230397
330214	0.0015762524023946155	Nitrospira defluvii	Nitrospira	Nitrospiraceae	Nitrospirales	Nitrospira	Nitrospirae		Bacteria				86.35814036999379
331696	0.003044685169340382	Pseudolabrys taiwanensis	Pseudolabrys	Xanthobacteraceae	Rhizobiales	Alphaproteobacteria	Proteobacteria		Bacteria				166.8091663726515
912	0.00028714292996089946	Nitrobacter hamburgensis	Nitrobacter	Bradyrhizobiaceae	Rhizobiales	Alphaproteobacteria	Proteobacteria		Bacteria				15.731699703767799
913	0.00023227777049049882	Nitrobacter winogradskyi	Nitrobacter	Bradyrhizobiaceae	Rhizobiales	Alphaproteobacteria	Proteobacteria		Bacteria				12.725802211862959
328517	0.0002906431815004398	Dokdonella fugitiva	Dokdonella	Rhodanobacteraceae	Xanthomonadales	Gammaproteobacteria	Proteobacteria		Bacteria				15.923467984864594
363846	0.0003378023221244164	Dokdonella ginsengisoli	Dokdonella	Rhodanobacteraceae	Xanthomonadales	Gammaproteobacteria	Proteobacteria		Bacteria				18.5071758222304
323415	0.00039913516776430224	Dokdonella koreensis	Dokdonella	Rhodanobacteraceae	Xanthomonadales	Gammaproteobacteria	Proteobacteria		Bacteria				21.867418436302827
1325564	0.010379608578939088	Nitrospira japonica	Nitrospira	Nitrospiraceae	Nitrospirales	Nitrospira	Nitrospirae		Bacteria				568.6676152143358
947013	0.00043369773897875496	Chryseolinea serpens	Chryseolinea	Fulvivirgaceae	Cytophagales	Cytophagia	Bacteroidetes	FCB group	Bacteria				23.760998025429046
2527995	0.001158445807610479	Planctomycetes bacterium Mal52					Planctomycetes	PVC group	Bacteria				63.46777046155532
1331910	0.0002867454802513495	Thermogutta terrifontis	Thermogutta	Thermoguttaceae	Pirellulales	Planctomycetia	Planctomycetes	PVC group	Bacteria				15.709924626530686
1930276	0.00026722817571245804	Planctomycetes bacterium HG15A2					Planctomycetes	PVC group	Bacteria				14.640630062758438
2527972	0.0003431198806939075	Planctomycetes bacterium Pan181					Planctomycetes	PVC group	Bacteria				18.798508903577112
1630693	0.0020781969050234304	Gemmata sp. SH-PL17	Gemmata	Gemmataceae	Gemmatales	Planctomycetia	Planctomycetes	PVC group	Bacteria				113.85817383551868
1236220	0.0011960580224686854	Melghirimyces thermohalophilus	Melghirimyces	Thermoactinomycetaceae	Bacillales	Bacilli	Firmicutes	Terrabacteria group	Bacteria				65.52843087699186
2419842	0.0008210792359179151	Virgibacillus sp. Bac332	Virgibacillus	Bacillaceae	Bacillales	Bacilli	Firmicutes	Terrabacteria group	Bacteria				44.984468098234814
486398	0.003613778479053918	Bacillus sp. S3	Bacillus	Bacillaceae	Bacillales	Bacilli	Firmicutes	Terrabacteria group	Bacteria				197.988081531927
1193713	0.0005674022122556307	Neobacillus mesonae	Neobacillus	Bacillaceae	Bacillales	Bacilli	Firmicutes	Terrabacteria group	Bacteria				31.086265002849238
29449	0.0006969211996584242	Rhizobium etli	Rhizobium	Rhizobiaceae	Rhizobiales	Alphaproteobacteria	Proteobacteria		Bacteria				38.18222176568609
1842534	0.00040676889377079176	Sinorhizobium sp. RAC02	Sinorhizobium	Rhizobiaceae	Rhizobiales	Alphaproteobacteria	Proteobacteria		Bacteria				22.28564738302037
324057	0.00046165080939651224	Paenibacillus sp. JDR-2	Paenibacillus	Paenibacillaceae	Bacillales	Bacilli	Firmicutes	Terrabacteria group	Bacteria				25.292462894406718
474957	0.00027951999935611413	Paenibacillus castaneae	Paenibacillus	Paenibacillaceae	Bacillales	Bacilli	Firmicutes	Terrabacteria group	Bacteria				15.314062204723426
1045317	0.0015338081404732253	Sphingomonas lutea	Sphingomonas	Sphingomonadaceae	Sphingomonadales	Alphaproteobacteria	Proteobacteria		Bacteria				84.03274659210659
940133	0.0007036058370109209	Sphingomonas limnosediminicola	Sphingomonas	Sphingomonadaceae	Sphingomonadales	Alphaproteobacteria	Proteobacteria		Bacteria				38.54845299231732
1002691	0.0014615849418379001	Occallatibacter savannae	Occallatibacter	Acidobacteriaceae	Acidobacteriales	Acidobacteriia	Acidobacteria		Bacteria				80.07585420847303
1002689	0.0006939261480760316	Occallatibacter riparius	Occallatibacter	Acidobacteriaceae	Acidobacteriales	Acidobacteriia	Acidobacteria		Bacteria				38.01813187464154
2211140	0.0003827585561928591	Acidisarcina polymorpha	Acidisarcina	Acidobacteriaceae	Acidobacteriales	Acidobacteriia	Acidobacteria		Bacteria				20.970193018138172
940139	0.000610809096732495	Terriglobus aquaticus	Terriglobus	Acidobacteriaceae	Acidobacteriales	Acidobacteriia	Acidobacteria		Bacteria				33.4643979826832
1592106	0.0009487455964571176	Terriglobus albidus	Terriglobus	Acidobacteriaceae	Acidobacteriales	Acidobacteriia	Acidobacteria		Bacteria				51.9789249930961
2596828	0.0004537888962530855	Microlunatus sp. KUDC0627	Microlunatus	Propionibacteriaceae	Propionibacteriales	Actinobacteria	Actinobacteria	Terrabacteria group	Bacteria				24.861732259017792
630515	0.00028632524154473146	Microlunatus soli	Microlunatus	Propionibacteriaceae	Propionibacteriales	Actinobacteria	Actinobacteria	Terrabacteria group	Bacteria				15.686901008511203
1310417	0.0005410131022252586	Ferruginibacter paludis	Ferruginibacter	Chitinophagaceae	Chitinophagales	Chitinophagia	Bacteroidetes	FCB group	Bacteria				29.64048483161524
563170	0.0005716268380408604	Ferruginibacter alkalilentus	Ferruginibacter	Chitinophagaceae	Chitinophagales	Chitinophagia	Bacteroidetes	FCB group	Bacteria				31.317719575744622
1892851	0.0017782256191996519	Flavitalea flava	Flavitalea	Chitinophagaceae	Chitinophagales	Chitinophagia	Bacteroidetes	FCB group	Bacteria				97.42364699909133
796384	0.0009683778869643727	Flavitalea populi	Flavitalea	Chitinophagaceae	Chitinophagales	Chitinophagia	Bacteroidetes	FCB group	Bacteria				53.05451929311709
708199	0.002085707872960312	Flavitalea gansuensis	Flavitalea	Chitinophagaceae	Chitinophagales	Chitinophagia	Bacteroidetes	FCB group	Bacteria				114.26967723587661
28232	0.0004974636191739961	Geobacter metallireducens	Geobacter	Geobacteraceae	Desulfuromonadales	Deltaproteobacteria	Proteobacteria		Bacteria				27.254539303685725
393310	0.0012510044126589623	Skermanella aerolata	Skermanella	Rhodospirillaceae	Rhodospirillales	Alphaproteobacteria	Proteobacteria		Bacteria				68.53877875634657
1707966	0.0002180226346821757	Racemicystis crocea	Racemicystis	Polyangiaceae	Myxococcales	Deltaproteobacteria	Proteobacteria		Bacteria				11.94480608633236
758823	0.0003598317468462822	Vampirovibrio chlorellavorus	Vampirovibrio		Vampirovibrionales		Candidatus Melainabacteria	Terrabacteria group	Bacteria				19.714101914467264
502333	0.0019948454252194446	Ramlibacter ginsenosidimutans	Ramlibacter	Comamonadaceae	Burkholderiales	Betaproteobacteria	Proteobacteria		Bacteria				109.29159631149771
1926872	0.0005406170817093734	Ramlibacter monticola	Ramlibacter	Comamonadaceae	Burkholderiales	Betaproteobacteria	Proteobacteria		Bacteria				29.61878805561144
2039631	0.0005398119538436898	Ramlibacter alkalitolerans	Ramlibacter	Comamonadaceae	Burkholderiales	Betaproteobacteria	Proteobacteria		Bacteria				29.57467751523423
1469502	0.0023315873905151645	Burkholderiales bacterium GJ-E10			Burkholderiales	Betaproteobacteria	Proteobacteria		Bacteria				127.74067836415432
1231	0.0038535344352519612	Nitrosospira multiformis	Nitrosospira	Nitrosomonadaceae	Nitrosomonadales	Betaproteobacteria	Proteobacteria		Bacteria				211.1235911041492
35799	0.0020704225999373374	Nitrosospira briensis	Nitrosospira	Nitrosomonadaceae	Nitrosomonadales	Betaproteobacteria	Proteobacteria		Bacteria				113.43224298276691
1288494	0.0015680749814111995	Nitrosospira lacus	Nitrosospira	Nitrosomonadaceae	Nitrosomonadales	Betaproteobacteria	Proteobacteria		Bacteria				85.91012400657539
191863	0.013956134206929646	Chthoniobacter flavus	Chthoniobacter	Chthoniobacteraceae	Chthoniobacterales	Spartobacteria	Verrucomicrobia	PVC group	Bacteria				764.6147247950545
400768	0.000710905423960145	Microlunatus panaciterrae	Microlunatus	Propionibacteriaceae	Propionibacteriales	Actinobacteria	Actinobacteria	Terrabacteria group	Bacteria				38.948375462504465
363863	0.002016756488111419	Microlunatus ginsengisoli	Microlunatus	Propionibacteriaceae	Propionibacteriales	Actinobacteria	Actinobacteria	Terrabacteria group	Bacteria				110.49203771416032
29405	0.0018778399060440751	Microlunatus phosphovorus	Microlunatus	Propionibacteriaceae	Propionibacteriales	Actinobacteria	Actinobacteria	Terrabacteria group	Bacteria				102.88121493243675
446786	0.0017590891704897863	Microlunatus aurantiacus	Microlunatus	Propionibacteriaceae	Propionibacteriales	Actinobacteria	Actinobacteria	Terrabacteria group	Bacteria				96.37521838362392
94132	0.002650776685543733	Ramlibacter tataouinensis	Ramlibacter	Comamonadaceae	Burkholderiales	Betaproteobacteria	Proteobacteria		Bacteria				145.2281022708845
748811	0.001009781573431773	Sulfuritalea hydrogenivorans	Sulfuritalea	Sterolibacteriaceae	Nitrosomonadales	Betaproteobacteria	Proteobacteria		Bacteria				55.322903063606546
1119528	0.0004705591839244907	Methyloversatilis discipulorum	Methyloversatilis	Sterolibacteriaceae	Nitrosomonadales	Betaproteobacteria	Proteobacteria		Bacteria				25.78052600967107
649841	0.00025182915434607354	Sulfuricella denitrificans	Sulfuricella	Sulfuricellaceae	Nitrosomonadales	Betaproteobacteria	Proteobacteria		Bacteria				13.796963879158332
667306	0.0015554787073064924	Aciditerrimonas ferrireducens	Aciditerrimonas	Acidimicrobiaceae	Acidimicrobiales	Acidimicrobiia	Actinobacteria	Terrabacteria group	Bacteria				85.2200119372008
467976	0.0005020326095526217	Iamia majanohamensis	Iamia	Iamiaceae	Acidimicrobiales	Acidimicrobiia	Actinobacteria	Terrabacteria group	Bacteria				27.504860579559487
1052257	0.0005917904310941775	Aquihabitans daechungensis	Aquihabitans	Iamiaceae	Acidimicrobiales	Acidimicrobiia	Actinobacteria	Terrabacteria group	Bacteria				32.422422348356704
1464	0.0005622270111394268	Paenibacillus larvae	Paenibacillus	Paenibacillaceae	Bacillales	Bacilli	Firmicutes	Terrabacteria group	Bacteria				30.80273125929578
1235591	0.0021063664380909525	Pseudorhodoplanes sinuspersici	Pseudorhodoplanes		Rhizobiales	Alphaproteobacteria	Proteobacteria		Bacteria				115.40149804368902
1494448	0.00037862648385286057	Chelatococcus reniformis	Chelatococcus	Chelatococcaceae	Rhizobiales	Alphaproteobacteria	Proteobacteria		Bacteria				20.74380917084667
2509456	0.0005452279085871874	Paenibacillus protaetiae	Paenibacillus	Paenibacillaceae	Bacillales	Bacilli	Firmicutes	Terrabacteria group	Bacteria				29.871401427766234
59840	0.00029519560552000214	Paenibacillus curdlanolyticus	Paenibacillus	Paenibacillaceae	Bacillales	Bacilli	Firmicutes	Terrabacteria group	Bacteria				16.172881639624357
891	0.00038797352774558124	Desulfuromonas acetoxidans	Desulfuromonas	Desulfuromonadaceae	Desulfuromonadales	Deltaproteobacteria	Proteobacteria		Bacteria				21.255905664597158
161493	0.0005685011976659361	Anaeromyxobacter dehalogenans	Anaeromyxobacter	Anaeromyxobacteraceae	Myxococcales	Deltaproteobacteria	Proteobacteria		Bacteria				31.146475116523643
447217	0.0011820816824289202	Anaeromyxobacter sp. K	Anaeromyxobacter	Anaeromyxobacteraceae	Myxococcales	Deltaproteobacteria	Proteobacteria		Bacteria				64.76270913523325
1750598	0.000428533378146716	Dissulfurimicrobium hydrothermale	Dissulfurimicrobium			Deltaproteobacteria	Proteobacteria		Bacteria				23.47805818852413
52	0.0009322817740162456	Chondromyces crocatus	Chondromyces	Polyangiaceae	Myxococcales	Deltaproteobacteria	Proteobacteria		Bacteria				51.07692155302805
1002870	0.005219847828945062	Gaiella occulta	Gaiella	Gaiellaceae	Gaiellales	Rubrobacteria	Actinobacteria	Terrabacteria group	Bacteria				285.9798030044131
350	0.0007533800450125982	Zoogloea ramigera	Zoogloea	Zoogloeaceae	Rhodocyclales	Betaproteobacteria	Proteobacteria		Bacteria				41.27543252610522
391358	0.0011310456645865525	Caldimonas hydrothermale	Caldimonas	Comamonadaceae	Burkholderiales	Betaproteobacteria	Proteobacteria		Bacteria				61.96659882570345
215580	0.00034880023415897825	Schlegelella thermodepolymerans	Schlegelella	Comamonadaceae	Burkholderiales	Betaproteobacteria	Proteobacteria		Bacteria				19.109718428867943
169430	0.0007356569423416177	Paraburkholderia hospita	Paraburkholderia	Burkholderiaceae	Burkholderiales	Betaproteobacteria	Proteobacteria		Bacteria				40.30443690007021
148447	0.0002632223763374346	Paraburkholderia phymatum	Paraburkholderia	Burkholderiaceae	Burkholderiales	Betaproteobacteria	Proteobacteria		Bacteria				14.42116433239903
316277	0.0007980556500726484	Syntrophus aciditrophicus	Syntrophus	Syntrophaceae	Syntrophobacterales	Deltaproteobacteria	Proteobacteria		Bacteria				43.723074900530186
33075	0.0003287284528104769	Acidobacterium capsulatum	Acidobacterium	Acidobacteriaceae	Acidobacteriales	Acidobacteriia	Acidobacteria		Bacteria				18.0100457441276
1428	0.00142574641616726	Bacillus thuringiensis	Bacillus	Bacillaceae	Bacillales	Bacilli	Firmicutes	Terrabacteria group	Bacteria			Bacillus cereus group	78.11236890255567
1396	0.0012825098936385254	Bacillus cereus	Bacillus	Bacillaceae	Bacillales	Bacilli	Firmicutes	Terrabacteria group	Bacteria			Bacillus cereus group	70.2648695427739
504468	0.0007332459438013879	Rhodovastum atsumiense	Rhodovastum	Acetobacteraceae	Rhodospirillales	Alphaproteobacteria	Proteobacteria		Bacteria				40.172345523046644
54067	0.0007163572673831047	Xylophilus ampelinus	Xylophilus		Burkholderiales	Betaproteobacteria	Proteobacteria		Bacteria				39.247065608118156
2562284	0.004977477248684235	Pseudolabrys sp. FHR47	Pseudolabrys	Xanthobacteraceae	Rhizobiales	Alphaproteobacteria	Proteobacteria		Bacteria				272.7010460236632
655015	0.0011395797678425954	Methylocystis bryophila	Methylocystis	Methylocystaceae	Rhizobiales	Alphaproteobacteria	Proteobacteria		Bacteria				62.434156740792275
1427356	0.0009093246596784858	Hyphomicrobium nitrativorans	Hyphomicrobium	Hyphomicrobiaceae	Rhizobiales	Alphaproteobacteria	Proteobacteria		Bacteria				49.8191701298052
48292	0.00027579175220626066	Hyphomicrobium zavarzinii	Hyphomicrobium	Hyphomicrobiaceae	Rhizobiales	Alphaproteobacteria	Proteobacteria		Bacteria				15.109802728124404
83	0.00027803896888870216	Hyphomicrobium vulgare	Hyphomicrobium	Hyphomicrobiaceae	Rhizobiales	Alphaproteobacteria	Proteobacteria		Bacteria				15.232920988505326
121290	0.0010975397116836166	Hyphomicrobium sulfonivorans	Hyphomicrobium	Hyphomicrobiaceae	Rhizobiales	Alphaproteobacteria	Proteobacteria		Bacteria				60.1309081840103
392734	0.0006840180887983162	Terriglobus roseus	Terriglobus	Acidobacteriaceae	Acidobacteriales	Acidobacteriia	Acidobacteria		Bacteria				37.475299030993355
861299	0.009252671361777359	Gemmatirosa kalamazoonesis	Gemmatirosa	Gemmatimonadaceae	Gemmatimonadales	Gemmatimonadetes	Gemmatimonadetes	FCB group	Bacteria				506.9261058976961
483547	0.0007067450228327855	Geoalkalibacter subterraneus	Geoalkalibacter	Geobacteraceae	Desulfuromonadales	Deltaproteobacteria	Proteobacteria		Bacteria				38.72043956593982
1712675	0.0008145384316963998	Turicibacter sp. H121	Turicibacter	Erysipelotrichaceae	Erysipelotrichales	Erysipelotrichia	Firmicutes	Terrabacteria group	Bacteria				44.626117057350655
332163	0.01493828771955565	Candidatus Solibacter usitatus	Candidatus Solibacter	Solibacteraceae	Bryobacterales	Acidobacteriia	Acidobacteria		Bacteria				818.4239692912954
1473598	0.0009097050104963927	Paludibaculum fermentans	Paludibaculum	Bryobacteraceae	Bryobacterales	Acidobacteriia	Acidobacteria		Bacteria				49.84000841006587
192	0.001038632666276954	Azospirillum brasilense	Azospirillum	Rhodospirillaceae	Rhodospirillales	Alphaproteobacteria	Proteobacteria		Bacteria				56.90356788731548
578943	0.0010606615136770623	Dongia mobilis	Dongia	Rhodospirillaceae	Rhodospirillales	Alphaproteobacteria	Proteobacteria		Bacteria				58.11046234982521
664962	0.0002763992908129929	Azospirillum sp. TSH58	Azospirillum	Rhodospirillaceae	Rhodospirillales	Alphaproteobacteria	Proteobacteria		Bacteria				15.143087945771443
658062	0.007210125376417426	Candidatus Koribacter versatilis	Candidatus Koribacter	Acidobacteriaceae	Acidobacteriales	Acidobacteriia	Acidobacteria		Bacteria				395.0211389977815
1033741	0.00046526176206014943	Microvirga massiliensis	Microvirga	Methylobacteriaceae	Rhizobiales	Alphaproteobacteria	Proteobacteria		Bacteria				25.490296157989405
2053591	0.0080921695076221	Planctomycetales bacterium			Planctomycetales	Planctomycetia	Planctomycetes	PVC group	Bacteria				443.345690814092
496014	0.0035759924829891782	Baekduia soli	Baekduia	Baekduiaceae	Rubrobacterales	Rubrobacteria	Actinobacteria	Terrabacteria group	Bacteria				195.9179001655281
169056	0.0038027161719813374	Nordella oligomobilis	Nordella		Rhizobiales	Alphaproteobacteria	Proteobacteria		Bacteria				208.33941091434153
2350	0.0011648073698186925	Haliscomenobacter hydrossis	Haliscomenobacter	Haliscomenobacteraceae	Saprospirales	Saprospiria	Bacteroidetes	FCB group	Bacteria				63.8163013702567
1379270	0.0026236606135700054	Gemmatimonas phototrophica	Gemmatimonas	Gemmatimonadaceae	Gemmatimonadales	Gemmatimonadetes	Gemmatimonadetes	FCB group	Bacteria				143.7424940356599
304413	0.000409340806655834	Desulfuromonas svalbardensis	Desulfuromonas	Desulfuromonadaceae	Desulfuromonadales	Deltaproteobacteria	Proteobacteria		Bacteria				22.426554774253177
404589	0.0005001674986196159	Anaeromyxobacter sp. Fw109-5	Anaeromyxobacter	Anaeromyxobacteraceae	Myxococcales	Deltaproteobacteria	Proteobacteria		Bacteria				27.402676746872896
1229157	0.00041165650587345715	Tumebacillus soli	Tumebacillus	Alicyclobacillaceae	Bacillales	Bacilli	Firmicutes	Terrabacteria group	Bacteria				22.553424987289098
354356	0.0006084508281953839	Niastella koreensis	Niastella	Chitinophagaceae	Chitinophagales	Chitinophagia	Bacteroidetes	FCB group	Bacteria				33.3351955243405
2594473	0.0013786827334433067	Sphingomonas sp. AE3	Sphingomonas	Sphingomonadaceae	Sphingomonadales	Alphaproteobacteria	Proteobacteria		Bacteria				75.53389091715844
105560	0.0006776581739113595	Methylibium petroleiphilum	Methylibium		Burkholderiales	Betaproteobacteria	Proteobacteria		Bacteria				37.12685837408166
2082386	0.000286219095269121	Methylibium sp. Pch-M	Methylibium		Burkholderiales	Betaproteobacteria	Proteobacteria		Bacteria				15.681085572509332
47994	0.0005407200240662172	Leptothrix mobilis	Leptothrix		Burkholderiales	Betaproteobacteria	Proteobacteria		Bacteria				29.62442795851584
1069	0.000303143332357399	Rhodomicrobium vannielii	Rhodomicrobium	Hyphomicrobiaceae	Rhizobiales	Alphaproteobacteria	Proteobacteria		Bacteria				16.60831374986482
106592	0.0006185702904678043	Ensifer adhaerens	Ensifer	Rhizobiaceae	Rhizobiales	Alphaproteobacteria	Proteobacteria		Bacteria				33.88961050385959
380	0.0007614070558819322	Sinorhizobium fredii	Sinorhizobium	Rhizobiaceae	Rhizobiales	Alphaproteobacteria	Proteobacteria		Bacteria			Sinorhizobium fredii group	41.71520837060342
254247	0.0009245776489924514	Aquicella siphonis	Aquicella	Coxiellaceae	Legionellales	Gammaproteobacteria	Proteobacteria		Bacteria				50.65483565534943
254246	0.0002569634456437343	Aquicella lusitana	Aquicella	Coxiellaceae	Legionellales	Gammaproteobacteria	Proteobacteria		Bacteria				14.078256296483271
1174501	0.00043503623003402007	Paenibacillus typhae	Paenibacillus	Paenibacillaceae	Bacillales	Bacilli	Firmicutes	Terrabacteria group	Bacteria				23.834329934873857
2715504	0.0005242045933717218	Cohnella massiliensis	Cohnella	Paenibacillaceae	Bacillales	Bacilli	Firmicutes	Terrabacteria group	Bacteria				28.71959705705652
160487	0.00036497656731862603	Paenibacillus turicensis	Paenibacillus	Paenibacillaceae	Bacillales	Bacilli	Firmicutes	Terrabacteria group	Bacteria				19.995971193685566
1603871	0.0006526045078073868	Stenotrophobacter namibiensis	Stenotrophobacter	Blastocatellaceae	Blastocatellales	Blastocatellia	Acidobacteria		Bacteria				35.7542431692433
1603869	0.0009627800585053731	Stenotrophobacter roseus	Stenotrophobacter	Blastocatellaceae	Blastocatellales	Blastocatellia	Acidobacteria		Bacteria				52.74783106533388
1406	0.0006425356001935956	Paenibacillus polymyxa	Paenibacillus	Paenibacillaceae	Bacillales	Bacilli	Firmicutes	Terrabacteria group	Bacteria				35.20259792780652
1715989	0.000774085871429036	Candidatus Nitrospira inopinata	Nitrospira	Nitrospiraceae	Nitrospirales	Nitrospira	Nitrospirae		Bacteria				42.4098426379826
42253	0.0012904441884404798	Nitrospira moscoviensis	Nitrospira	Nitrospiraceae	Nitrospirales	Nitrospira	Nitrospirae		Bacteria				70.69956575208856
2358	0.0013129649438775644	Desulfomonile tiedjei	Desulfomonile	Syntrophaceae	Syntrophobacterales	Deltaproteobacteria	Proteobacteria		Bacteria				71.93341038022012
1615681	0.0007697899948269865	Acidicapsa acidisoli	Acidicapsa	Acidobacteriaceae	Acidobacteriales	Acidobacteriia	Acidobacteria		Bacteria				42.17448444658611
1166683	0.0006790090626418322	Rhizobium cauense	Rhizobium	Rhizobiaceae	Rhizobiales	Alphaproteobacteria	Proteobacteria		Bacteria				37.200869514958065
47495	0.0017080601529684018	Pedomicrobium americanum	Pedomicrobium	Hyphomicrobiaceae	Rhizobiales	Alphaproteobacteria	Proteobacteria		Bacteria				93.57949160067983
53399	0.0007634213907653424	Hyphomicrobium denitrificans	Hyphomicrobium	Hyphomicrobiaceae	Rhizobiales	Alphaproteobacteria	Proteobacteria		Bacteria				41.825567735860815
717785	0.000412869955088569	Hyphomicrobium sp. MC1	Hyphomicrobium	Hyphomicrobiaceae	Rhizobiales	Alphaproteobacteria	Proteobacteria		Bacteria				22.61990622943743
173480	0.001561931089612515	Gemmatimonas aurantiaca	Gemmatimonas	Gemmatimonadaceae	Gemmatimonadales	Gemmatimonadetes	Gemmatimonadetes	FCB group	Bacteria				85.57351860660086
2014610	0.0032684170949815665	Roseisolibacter agri	Roseisolibacter	Gemmatimonadaceae	Gemmatimonadales	Gemmatimonadetes	Gemmatimonadetes	FCB group	Bacteria				179.06676738275507
1294267	0.0005232678547730587	Cohnella lupini	Cohnella	Paenibacillaceae	Bacillales	Bacilli	Firmicutes	Terrabacteria group	Bacteria				28.668275959451563
2527984	0.0008601283193426988	Bremerella volcania	Bremerella	Planctomycetaceae	Planctomycetales	Planctomycetia	Planctomycetes	PVC group	Bacteria				47.12385023182844
2527968	0.0006241663274573357	Planctomycetes bacterium Q31a					Planctomycetes	PVC group	Bacteria				34.19620058240505
1404	0.0025177810400949263	Bacillus megaterium	Bacillus	Bacillaceae	Bacillales	Bacilli	Firmicutes	Terrabacteria group	Bacteria				137.94166984368073
1214604	0.0010889108370314158	Tumebacillus algifaecis	Tumebacillus	Alicyclobacillaceae	Bacillales	Bacilli	Firmicutes	Terrabacteria group	Bacteria				59.65815802844018
1933902	0.00024630468620749554	Rubrobacter spartanus	Rubrobacter	Rubrobacteraceae	Rubrobacterales	Rubrobacteria	Actinobacteria	Terrabacteria group	Bacteria				13.494294843250058
49319	0.0004158307179485639	Rubrobacter xylanophilus	Rubrobacter	Rubrobacteraceae	Rubrobacterales	Rubrobacteria	Actinobacteria	Terrabacteria group	Bacteria				22.78211754424797
96230	0.00037223045358130455	Legionella fallonii	Legionella	Legionellaceae	Legionellales	Gammaproteobacteria	Proteobacteria		Bacteria				20.393389860358933
28084	0.000248855235458789	Legionella cherrii	Legionella	Legionellaceae	Legionellales	Gammaproteobacteria	Proteobacteria		Bacteria				13.634031785080673
446	0.0009080791630773804	Legionella pneumophila	Legionella	Legionellaceae	Legionellales	Gammaproteobacteria	Proteobacteria		Bacteria				49.75093310752044
2528023	0.0009071087179888853	Planctomycetes bacterium ETA_A1					Planctomycetes	PVC group	Bacteria				49.69776533245706
1492898	0.0006690316658218097	Flavisolibacter tropicus	Flavisolibacter	Chitinophagaceae	Chitinophagales	Chitinophagia	Bacteroidetes	FCB group	Bacteria				36.65423787537949
1210884	0.0018752854088499396	Gemmata massiliana	Gemmata	Gemmataceae	Gemmatales	Planctomycetia	Planctomycetes	PVC group	Bacteria				102.74126169466165
413882	0.0009845414366572247	[Polyangium] brachysporum			Burkholderiales	Betaproteobacteria	Proteobacteria		Bacteria				53.94007169013937
1452508	0.00036431649792218943	Zhizhongheella caldifontis	Zhizhongheella	Comamonadaceae	Burkholderiales	Betaproteobacteria	Proteobacteria		Bacteria				19.959807971662993
946333	0.00042350770310836943	Rhizobacter gummiphilus	Rhizobacter		Burkholderiales	Betaproteobacteria	Proteobacteria		Bacteria				23.202716530198234
28068	0.0005454421167205149	Rubrivivax gelatinosus	Rubrivivax		Burkholderiales	Betaproteobacteria	Proteobacteria		Bacteria				29.88313724876685
889272	0.0003314960915679063	Polyangium fumosum	Polyangium	Polyangiaceae	Myxococcales	Deltaproteobacteria	Proteobacteria		Bacteria				18.16167636873088
56	0.000507678021115535	Sorangium cellulosum	Sorangium	Polyangiaceae	Myxococcales	Deltaproteobacteria	Proteobacteria		Bacteria				27.814155742856816
293647	0.000580335089230141	Byssovorax cruenta	Byssovorax	Polyangiaceae	Myxococcales	Deltaproteobacteria	Proteobacteria		Bacteria				31.794818533651735
888845	0.0003164972880078448	Minicystis rosea	Minicystis		Myxococcales	Deltaproteobacteria	Proteobacteria		Bacteria				17.339936918085794
777	0.0006728515958023668	Coxiella burnetii	Coxiella	Coxiellaceae	Legionellales	Gammaproteobacteria	Proteobacteria		Bacteria				36.86352037922427
1908690	0.0004964311703755722	Fimbriiglobus ruber	Fimbriiglobus	Gemmataceae	Gemmatales	Planctomycetia	Planctomycetes	PVC group	Bacteria				27.197974531366476
690879	0.002568661619627233	Terrimicrobium sacchariphilum	Terrimicrobium	Terrimicrobiaceae	Terrimicrobiales	Terrimicrobia	Verrucomicrobia	PVC group	Bacteria				140.7292641545172
239935	0.0009438647166567419	Akkermansia muciniphila	Akkermansia	Akkermansiaceae	Verrucomicrobiales	Verrucomicrobiae	Verrucomicrobia	PVC group	Bacteria				51.71151623147291
1679444	0.00020810394278524965	Akkermansia glycaniphila	Akkermansia	Akkermansiaceae	Verrucomicrobiales	Verrucomicrobiae	Verrucomicrobia	PVC group	Bacteria				11.401390713375472
913107	0.0006948792608399574	Pelolinea submarina	Pelolinea	Anaerolineaceae	Anaerolineales	Anaerolineae	Chloroflexi	Terrabacteria group	Bacteria				38.07035006363875
167964	0.0004050334660184668	Anaerolinea thermophila	Anaerolinea	Anaerolineaceae	Anaerolineales	Anaerolineae	Chloroflexi	Terrabacteria group	Bacteria				22.19056850275374
303	0.0005640537974377859	Pseudomonas putida	Pseudomonas	Pseudomonadaceae	Pseudomonadales	Gammaproteobacteria	Proteobacteria		Bacteria			Pseudomonas putida group	30.90281540022397
360412	0.0011272260978406512	Longilinea arvoryzae	Longilinea	Anaerolineaceae	Anaerolineales	Anaerolineae	Chloroflexi	Terrabacteria group	Bacteria				61.75733622239576
1867846	0.0005120204328561508	Legionella clemsonensis	Legionella	Legionellaceae	Legionellales	Gammaproteobacteria	Proteobacteria		Bacteria				28.052063454889936
45056	0.000703194818074056	Legionella adelaidensis	Legionella	Legionellaceae	Legionellales	Gammaproteobacteria	Proteobacteria		Bacteria				38.5259344978233
45067	0.0002504868777767242	Legionella lansingensis	Legionella	Legionellaceae	Legionellales	Gammaproteobacteria	Proteobacteria		Bacteria				13.72342457275339
1703345	0.0004821113487768914	Niastella vici	Niastella	Chitinophagaceae	Chitinophagales	Chitinophagia	Bacteroidetes	FCB group	Bacteria				26.41343446543955
685828	0.0004358024090345569	Armatimonas rosea	Armatimonas	Armatimonadaceae	Armatimonadales	Armatimonadia	Armatimonadetes	Terrabacteria group	Bacteria				23.876306583776266
1548547	0.000375772322098276	Woeseia oceani	Woeseia	Woeseiaceae	Chromatiales	Gammaproteobacteria	Proteobacteria		Bacteria				20.587438210798247
1033854	0.0008388583369343988	Thioalkalivibrio sulfidiphilus	Thioalkalivibrio	Ectothiorhodospiraceae	Chromatiales	Gammaproteobacteria	Proteobacteria		Bacteria				45.95853170562491
1384459	0.001968070770411118	Methyloceanibacter caenitepidi	Methyloceanibacter		Rhizobiales	Alphaproteobacteria	Proteobacteria		Bacteria				107.82469329851392
2170729	0.0003522302620451681	Methyloceanibacter sp. wino2	Methyloceanibacter		Rhizobiales	Alphaproteobacteria	Proteobacteria		Bacteria				19.297639366668623
1177755	0.0003381053752989061	Methyloligella halotolerans	Methyloligella		Rhizobiales	Alphaproteobacteria	Proteobacteria		Bacteria				18.52377919650117
187303	0.00039145808566620494	Methylocystis sp. SC2	Methylocystis	Methylocystaceae	Rhizobiales	Alphaproteobacteria	Proteobacteria		Bacteria				21.44681413939437
2675101	0.00034988503312159756	Lysobacter caseinilyticus	Lysobacter	Xanthomonadaceae	Xanthomonadales	Gammaproteobacteria	Proteobacteria		Bacteria				19.169151309632966
414050	0.0008802182435013885	Lysobacter dokdonensis	Lysobacter	Xanthomonadaceae	Xanthomonadales	Gammaproteobacteria	Proteobacteria		Bacteria				48.224516906710576
311182	0.0016108055164292113	Denitratisoma oestradiolicum	Denitratisoma	Sterolibacteriaceae	Nitrosomonadales	Betaproteobacteria	Proteobacteria		Bacteria				88.25120182860721
356837	0.000616003490278508	Azoarcus sp. DN11	Azoarcus	Zoogloeaceae	Rhodocyclales	Betaproteobacteria	Proteobacteria		Bacteria				33.748983221888615
363847	0.0005687163262103041	Lysobacter ginsengisoli	Lysobacter	Xanthomonadaceae	Xanthomonadales	Gammaproteobacteria	Proteobacteria		Bacteria				31.158261364083934
2495582	0.0007279682440082803	Paenibacillus albus	Paenibacillus	Paenibacillaceae	Bacillales	Bacilli	Firmicutes	Terrabacteria group	Bacteria				39.883196184481655
927083	0.0006815306770771103	Sandaracinus amylolyticus	Sandaracinus	Sandaracinaceae	Myxococcales	Deltaproteobacteria	Proteobacteria		Bacteria				37.33902120502364
1442381	0.000416682450096174	Dankookia rubra	Dankookia	Acetobacteraceae	Rhodospirillales	Alphaproteobacteria	Proteobacteria		Bacteria				22.828781393419085
2220073	0.00062439835376879	Bdellovibrio sp. NC01	Bdellovibrio	Bdellovibrionaceae	Bdellovibrionales	Oligoflexia	Proteobacteria		Bacteria				34.2089126079307
959	0.0009666601365779033	Bdellovibrio bacteriovorus	Bdellovibrio	Bdellovibrionaceae	Bdellovibrionales	Oligoflexia	Proteobacteria		Bacteria				52.96040890269359
480070	0.0010339865954660406	Rhizomicrobium electricum	Rhizomicrobium	Micropepsaceae	Micropepsales	Alphaproteobacteria	Proteobacteria		Bacteria				56.649023605797964
336203	0.0005151270445657617	Sphingobium fuliginis	Sphingobium	Sphingomonadaceae	Sphingomonadales	Alphaproteobacteria	Proteobacteria		Bacteria				28.222265390624383
1391654	0.0009339074203096575	Labilithrix luteola	Labilithrix	Labilitrichaceae	Myxococcales	Deltaproteobacteria	Proteobacteria		Bacteria				51.16598583650521
163877	0.0007459112410025632	Virgibacillus necropolis	Virgibacillus	Bacillaceae	Bacillales	Bacilli	Firmicutes	Terrabacteria group	Bacteria				40.86623916080743
1593363	0.0004220388833613235	Pseudogracilibacillus marinus	Pseudogracilibacillus	Bacillaceae	Bacillales	Bacilli	Firmicutes	Terrabacteria group	Bacteria				23.12224430271683
1534102	0.000623075841003201	Pseudogracilibacillus endophyticus	Pseudogracilibacillus	Bacillaceae	Bacillales	Bacilli	Firmicutes	Terrabacteria group	Bacteria				34.13645610104237
206163	0.00046450387184633233	Paenibacillus mendelii	Paenibacillus	Paenibacillaceae	Bacillales	Bacilli	Firmicutes	Terrabacteria group	Bacteria				25.44877362684501
454171	0.0004354427138867659	Chthonomonas calidirosea	Chthonomonas	Chthonomonadaceae	Chthonomonadales	Chthonomonadetes	Armatimonadetes	Terrabacteria group	Bacteria				23.856599965714246
71433	0.0011513443448388297	Mesorhizobium amorphae	Mesorhizobium	Phyllobacteriaceae	Rhizobiales	Alphaproteobacteria	Proteobacteria		Bacteria				63.078702620684965
2493668	0.0012580529129497429	Mesorhizobium sp. M9A.F.Ca.ET.002.03.1.2	Mesorhizobium	Phyllobacteriaceae	Rhizobiales	Alphaproteobacteria	Proteobacteria		Bacteria				68.92494494177757
39645	0.00033915891470628104	Mesorhizobium ciceri	Mesorhizobium	Phyllobacteriaceae	Rhizobiales	Alphaproteobacteria	Proteobacteria		Bacteria				18.58149946001302
381	0.0008696413151103541	Mesorhizobium loti	Mesorhizobium	Phyllobacteriaceae	Rhizobiales	Alphaproteobacteria	Proteobacteria		Bacteria				47.64503873095097
2082949	0.0006057342933062606	Microvirga sp. 17 mud 1-3	Microvirga	Methylobacteriaceae	Rhizobiales	Alphaproteobacteria	Proteobacteria		Bacteria				33.1863647273701
1737571	0.0007978763374159432	Bacillus oryzisoli	Bacillus	Bacillaceae	Bacillales	Bacilli	Firmicutes	Terrabacteria group	Bacteria				43.713250898007274
1397	0.000599116339834631	Bacillus circulans	Bacillus	Bacillaceae	Bacillales	Bacilli	Firmicutes	Terrabacteria group	Bacteria				32.82378691051993
2056494	0.004545437310748096	Candidatus Saccharibacteria bacterium YM_S32_TM7_50_20					Candidatus Saccharibacteria	Bacteria candidate phyla	Bacteria				249.03087394395592
396	0.0007664285042979258	Rhizobium phaseoli	Rhizobium	Rhizobiaceae	Rhizobiales	Alphaproteobacteria	Proteobacteria		Bacteria				41.99031846497046
869279	0.0004164754780149822	Thermanaerothrix daxensis	Thermanaerothrix	Anaerolineaceae	Anaerolineales	Anaerolineae	Chloroflexi	Terrabacteria group	Bacteria				22.817442014006833
582850	0.0004540739501272057	Sporosarcina luteola	Sporosarcina	Planococcaceae	Bacillales	Bacilli	Firmicutes	Terrabacteria group	Bacteria				24.877349505619218
98228	0.0005247561547665218	Bacillus sp. OxB-1	Bacillus	Bacillaceae	Bacillales	Bacilli	Firmicutes	Terrabacteria group	Bacteria				28.749815451193427
2576891	0.0002515009717937716	Nibricoccus aquaticus	Nibricoccus	Opitutaceae	Opitutales	Opitutae	Verrucomicrobia	PVC group	Bacteria				13.778983741665364
107709	0.0005035451326929088	Opitutus terrae	Opitutus	Opitutaceae	Opitutales	Opitutae	Verrucomicrobia	PVC group	Bacteria				27.587727184846397
1157309	0.0004356225614607929	Luteolibacter cuticulihirudinis	Luteolibacter	Verrucomicrobiaceae	Verrucomicrobiales	Verrucomicrobiae	Verrucomicrobia	PVC group	Bacteria				23.86645327475246
2321403	0.0026755960211551936	Chryseolinea soli	Chryseolinea	Fulvivirgaceae	Cytophagales	Cytophagia	Bacteroidetes	FCB group	Bacteria				146.5878792110296
162028	0.001631700696142391	Haliangium tepidum	Haliangium	Kofleriaceae	Myxococcales	Deltaproteobacteria	Proteobacteria		Bacteria				89.39598603955318
80816	0.0005637433833500184	Haliangium ochraceum	Haliangium	Kofleriaceae	Myxococcales	Deltaproteobacteria	Proteobacteria		Bacteria				30.885808743597458
238834	0.001262878518305339	Clostridium estertheticum	Clostridium	Clostridiaceae	Clostridiales	Clostridia	Firmicutes	Terrabacteria group	Bacteria				69.18932538239461
870903	0.000357478243621304	Terriglobus saanensis	Terriglobus	Acidobacteriaceae	Acidobacteriales	Acidobacteriia	Acidobacteria		Bacteria				19.585160533280384
445220	0.0007086875634804054	Reyranella massiliensis	Reyranella		Rhodospirillales	Alphaproteobacteria	Proteobacteria		Bacteria				38.82686554040097
1368237	0.0008095010636658172	Reyranella graminifolii	Reyranella		Rhodospirillales	Alphaproteobacteria	Proteobacteria		Bacteria				44.350134775059125
426	0.0009730794265205475	Methylosinus trichosporium	Methylosinus	Methylocystaceae	Rhizobiales	Alphaproteobacteria	Proteobacteria		Bacteria				53.31210254078123
120	0.00032525435372194434	Planctopirus limnophila	Planctopirus	Planctomycetaceae	Planctomycetales	Planctomycetia	Planctomycetes	PVC group	Bacteria				17.819710277364166
1387353	0.00021455404461939026	Paludisphaera borealis	Paludisphaera	Isosphaeraceae	Isosphaerales	Planctomycetia	Planctomycetes	PVC group	Bacteria				11.754772442562535
47498	0.0008759988975491922	Pedomicrobium manganicum	Pedomicrobium	Hyphomicrobiaceae	Rhizobiales	Alphaproteobacteria	Proteobacteria		Bacteria				47.993351600027594
2528019	0.0004690579718142068	Planctopirus ephydatiae	Planctopirus	Planctomycetaceae	Planctomycetales	Planctomycetia	Planctomycetes	PVC group	Bacteria				25.698279101784948
28077	0.0008014513491413617	Nitrospirillum amazonense	Nitrospirillum	Rhodospirillaceae	Rhodospirillales	Alphaproteobacteria	Proteobacteria		Bacteria				43.90911506540778
616952	0.0005876635041425683	Bauldia consociata	Bauldia		Rhizobiales	Alphaproteobacteria	Proteobacteria		Bacteria				32.19632040145889
1707785	0.0004955036194376846	Massilia sp. WG5	Massilia	Oxalobacteraceae	Burkholderiales	Betaproteobacteria	Proteobacteria		Bacteria				27.14715679813243
1206085	0.0002649392922223474	Jatrophihabitans endophyticus	Jatrophihabitans	Frankiaceae	Frankiales	Actinobacteria	Actinobacteria	Terrabacteria group	Bacteria				14.515229002985746
1634993	0.0009457445935979516	Reyranella terrae	Reyranella		Rhodospirillales	Alphaproteobacteria	Proteobacteria		Bacteria				51.814509049450976
1230389	0.0003535874771201862	Reyranella soli	Reyranella		Rhodospirillales	Alphaproteobacteria	Proteobacteria		Bacteria				19.37199710898364
2598579	0.0004519399552784415	Limnoglobus roseus	Limnoglobus	Gemmataceae	Gemmatales	Planctomycetia	Planctomycetes	PVC group	Bacteria				24.760434329839978
34073	0.001096408245879144	Variovorax paradoxus	Variovorax	Comamonadaceae	Burkholderiales	Betaproteobacteria	Proteobacteria		Bacteria				60.06891856698066
363844	0.00047341028862918393	Variovorax ginsengisoli	Variovorax	Comamonadaceae	Burkholderiales	Betaproteobacteria	Proteobacteria		Bacteria				25.9367294831271
1795631	0.000635586139441841	Variovorax sp. PAMC 28711	Variovorax	Comamonadaceae	Burkholderiales	Betaproteobacteria	Proteobacteria		Bacteria				34.82185782160015
1759536	0.0008330439115143306	Friedmanniella endophytica	Friedmanniella	Nocardioidaceae	Propionibacteriales	Actinobacteria	Actinobacteria	Terrabacteria group	Bacteria				45.63997678013563
1324935	0.006401315829031363	Limisphaera ngatamarikiensis	Limisphaera	Verrucomicrobia subdivision 3	Verrucomicrobiales	Verrucomicrobiae	Verrucomicrobia	PVC group	Bacteria				350.7088903251413
41	0.0011169215413643905	Stigmatella aurantiaca	Stigmatella	Archangiaceae	Myxococcales	Deltaproteobacteria	Proteobacteria		Bacteria				61.19278048673086
1408281	0.00039774233872476647	Endomicrobium proavitum	Endomicrobium	Endomicrobiaceae	Endomicrobiales	Endomicrobia	Elusimicrobia		Bacteria				21.79110951171378
61624	0.0006091612103543449	Paenibacillus mucilaginosus	Paenibacillus	Paenibacillaceae	Bacillales	Bacilli	Firmicutes	Terrabacteria group	Bacteria				33.3741152316835
1156355	0.0009538422648606555	Paenibacillus taihuensis	Paenibacillus	Paenibacillaceae	Bacillales	Bacilli	Firmicutes	Terrabacteria group	Bacteria				52.258156164920734
406548	0.0006164597355856881	Aquisphaera giovannonii	Aquisphaera	Isosphaeraceae	Isosphaerales	Planctomycetia	Planctomycetes	PVC group	Bacteria				33.773979533533094
445931	0.0009033455862211365	Prosthecobacter fluviatilis	Prosthecobacter	Verrucomicrobiaceae	Verrucomicrobiales	Verrucomicrobiae	Verrucomicrobia	PVC group	Bacteria				49.49159463229741
2082387	0.0004982276740391256	Mesorhizobium sp. Pch-S	Mesorhizobium	Phyllobacteriaceae	Rhizobiales	Alphaproteobacteria	Proteobacteria		Bacteria				27.296399577581575
1776165	0.00034092200463068105	Pseudoduganella eburnea	Pseudoduganella	Oxalobacteraceae	Burkholderiales	Betaproteobacteria	Proteobacteria		Bacteria				18.678093867701122
864828	0.00054157869432146	Massilia umbonata	Massilia	Oxalobacteraceae	Burkholderiales	Betaproteobacteria	Proteobacteria		Bacteria				29.67147192578983
321983	0.00046837495945888563	Massilia albidiflava	Massilia	Oxalobacteraceae	Burkholderiales	Betaproteobacteria	Proteobacteria		Bacteria				25.66085890387397
1778678	0.0015134320105433807	Paenibacillus psychroresistens	Paenibacillus	Paenibacillaceae	Bacillales	Bacilli	Firmicutes	Terrabacteria group	Bacteria				82.9163995616402
748831	0.00041906863217432345	Brevifollis gellanilyticus	Brevifollis	Verrucomicrobiaceae	Verrucomicrobiales	Verrucomicrobiae	Verrucomicrobia	PVC group	Bacteria				22.959513150934658
2511995	0.0007155569228632277	Pseudolysobacter antarcticus	Pseudolysobacter	Xanthomonadaceae	Xanthomonadales	Gammaproteobacteria	Proteobacteria		Bacteria				39.20321713290765
529703	0.0008144247889618034	Adhaeribacter terreus	Adhaeribacter	Hymenobacteraceae	Cytophagales	Cytophagia	Bacteroidetes	FCB group	Bacteria				44.61989091285032
1675686	0.0003189509532829763	Sulfurifustis variabilis	Sulfurifustis	Acidiferrobacteraceae	Acidiferrobacterales	Gammaproteobacteria	Proteobacteria		Bacteria				17.474365877514423
454153	0.0006490123582291572	Luteolibacter pohnpeiensis	Luteolibacter	Verrucomicrobiaceae	Verrucomicrobiales	Verrucomicrobiae	Verrucomicrobia	PVC group	Bacteria				35.557440070300835
1859460	0.0004416320665683503	Luteolibacter flavescens	Luteolibacter	Verrucomicrobiaceae	Verrucomicrobiales	Verrucomicrobiae	Verrucomicrobia	PVC group	Bacteria				24.195696031080207
1064518	0.0005636634774673435	Noviherbaspirillum soli	Noviherbaspirillum	Oxalobacteraceae	Burkholderiales	Betaproteobacteria	Proteobacteria		Bacteria				30.881430940003348
1071	0.0011668558520628698	Rhodopila globiformis	Rhodopila	Acetobacteraceae	Rhodospirillales	Alphaproteobacteria	Proteobacteria		Bacteria				63.928531566968445
358	0.0005050930843007147	Agrobacterium tumefaciens	Agrobacterium	Rhizobiaceae	Rhizobiales	Alphaproteobacteria	Proteobacteria		Bacteria			Agrobacterium tumefaciens complex	27.672534809583258
57001	0.0007576127174083785	Amaricoccus macauensis	Amaricoccus	Rhodobacteraceae	Rhodobacterales	Alphaproteobacteria	Proteobacteria		Bacteria				41.507327948652836
1476	0.002145327815534985	Sporosarcina psychrophila	Sporosarcina	Planococcaceae	Bacillales	Bacilli	Firmicutes	Terrabacteria group	Bacteria				117.53607502971522
360055	0.00045393298237259065	Zavarzinella formosa	Zavarzinella	Gemmataceae	Gemmatales	Planctomycetia	Planctomycetes	PVC group	Bacteria				24.869626305247124
1421	0.0006885325509600589	Lysinibacillus sphaericus	Lysinibacillus	Bacillaceae	Bacillales	Bacilli	Firmicutes	Terrabacteria group	Bacteria				37.722632869448745
673862	0.0014460523355003193	Candidatus Babela massiliensis	Candidatus Babela	Candidatus Babeliaceae	Candidatus Babeliales	Candidatus Babeliae		Bacteria candidate phyla	Bacteria				79.22486930505599
2602016	0.0011342221716598763	Hypericibacter adhaerens	Hypericibacter	Rhodospirillaceae	Rhodospirillales	Alphaproteobacteria	Proteobacteria		Bacteria				62.14063011872964
708132	0.0004735027833951238	Oligoflexus tunisiensis	Oligoflexus	Oligoflexaceae	Oligoflexales	Oligoflexia	Proteobacteria		Bacteria				25.941796993868646
1141883	0.0005046652576741024	Massilia putida	Massilia	Oxalobacteraceae	Burkholderiales	Betaproteobacteria	Proteobacteria		Bacteria				27.649095472191046
2602015	0.0003047240521263635	Hypericibacter terrae	Hypericibacter	Rhodospirillaceae	Rhodospirillales	Alphaproteobacteria	Proteobacteria		Bacteria				16.694916643847076
1097667	0.0004875954054537121	Patulibacter medicamentivorans	Patulibacter	Patulibacteraceae	Solirubrobacterales	Thermoleophilia	Actinobacteria	Terrabacteria group	Bacteria				26.713889478592527
794903	0.0003977783935003003	Opitutaceae bacterium TAV5		Opitutaceae	Opitutales	Opitutae	Verrucomicrobia	PVC group	Bacteria				21.793084844700953
748857	0.0009751918024405213	Roseimicrobium gellanilyticum	Roseimicrobium	Verrucomicrobiaceae	Verrucomicrobiales	Verrucomicrobiae	Verrucomicrobia	PVC group	Bacteria				53.42783328030884
202261	0.0006777373370848611	Virgibacillus kekensis	Virgibacillus	Bacillaceae	Bacillales	Bacilli	Firmicutes	Terrabacteria group	Bacteria				37.131195486868286
643672	0.0006597804825249442	Singulisphaera rosea	Singulisphaera	Isosphaeraceae	Isosphaerales	Planctomycetia	Planctomycetes	PVC group	Bacteria				36.147393296094116
466153	0.0009443250309355112	Singulisphaera acidiphila	Singulisphaera	Isosphaeraceae	Isosphaerales	Planctomycetia	Planctomycetes	PVC group	Bacteria				51.73673546986385
445709	0.0004032942309893055	Pandoraea thiooxydans	Pandoraea	Burkholderiaceae	Burkholderiales	Betaproteobacteria	Proteobacteria		Bacteria				22.09528103321108
1736675	0.0016990753808201731	Devosia sp. A16	Devosia	Hyphomicrobiaceae	Rhizobiales	Alphaproteobacteria	Proteobacteria		Bacteria				93.08724288899482
227865	0.00040347940950210984	Cerasibacillus quisquiliarum	Cerasibacillus	Bacillaceae	Bacillales	Bacilli	Firmicutes	Terrabacteria group	Bacteria				22.10542640839209
393003	0.00032242570157908784	Chitinophaga ginsengisegetis	Chitinophaga	Chitinophagaceae	Chitinophagales	Chitinophagia	Bacteroidetes	FCB group	Bacteria				17.664736912413485
340221	0.00026536213587429093	Alsobacter metallidurans	Alsobacter		Rhizobiales	Alphaproteobacteria	Proteobacteria		Bacteria				14.538395338144777
1536772	0.00030064799859260967	Paenibacillus sp. FSL R7-0273	Paenibacillus	Paenibacillaceae	Bacillales	Bacilli	Firmicutes	Terrabacteria group	Bacteria				16.471601898893304
1639882	0.0003672905457311416	Longimicrobium terrae	Longimicrobium	Longimicrobiaceae	Longimicrobiales	Longimicrobia	Gemmatimonadetes	FCB group	Bacteria				20.122747128972055
461876	0.00022728130256173895	Alkaliphilus oremlandii	Alkaliphilus	Clostridiaceae	Clostridiales	Clostridia	Firmicutes	Terrabacteria group	Bacteria				12.452060723449993
676208	0.0004944600672575594	Candidatus Rickettsiella viridis	Rickettsiella	Coxiellaceae	Legionellales	Gammaproteobacteria	Proteobacteria		Bacteria				27.089983704839906
1436998	0.0006049327511662553	Nitrospira lenta	Nitrospira	Nitrospiraceae	Nitrospirales	Nitrospira	Nitrospirae		Bacteria				33.142450638145625
1134406	0.0007625081118777191	Ornatilinea apprima	Ornatilinea	Anaerolineaceae	Anaerolineales	Anaerolineae	Chloroflexi	Terrabacteria group	Bacteria				41.7755319254446
1465490	0.0004357196247563839	Parafilimonas terrae	Parafilimonas	Chitinophagaceae	Chitinophagales	Chitinophagia	Bacteroidetes	FCB group	Bacteria				23.871771081528003
425677	0.0005084762238920039	Labrys wisconsinensis	Labrys	Xanthobacteraceae	Rhizobiales	Alphaproteobacteria	Proteobacteria		Bacteria				27.857886878371218
467091	0.0005468553148704033	Ilumatobacter fluminis	Ilumatobacter	Ilumatobacteraceae	Acidimicrobiales	Acidimicrobiia	Actinobacteria	Terrabacteria group	Bacteria				29.960562135804782
138336	0.0006457548822912767	Blastococcus saxobsidens	Blastococcus	Geodermatophilaceae	Geodermatophilales	Actinobacteria	Actinobacteria	Terrabacteria group	Bacteria				35.37897273609218
37482	0.00030742760366180087	Laceyella sacchari	Laceyella	Thermoactinomycetaceae	Bacillales	Bacilli	Firmicutes	Terrabacteria group	Bacteria				16.843036121819082
2578107	0.000799567510063346	Arthrobacter sp. KBS0702	Arthrobacter	Micrococcaceae	Micrococcales	Actinobacteria	Actinobacteria	Terrabacteria group	Bacteria				43.805905173840536
1704307	0.00026522653014066284	Candidatus Xiphinematobacter sp. Idaho Grape	Candidatus Xiphinematobacter			Spartobacteria	Verrucomicrobia	PVC group	Bacteria				14.530965906816496
2716883	0.0004609352856696866	Flavihumibacter profundi	Flavihumibacter	Chitinophagaceae	Chitinophagales	Chitinophagia	Bacteroidetes	FCB group	Bacteria				25.25326149598512
426757	0.000323686480624089	Bhargavaea ginsengi	Bhargavaea	Planococcaceae	Bacillales	Bacilli	Firmicutes	Terrabacteria group	Bacteria				17.733811213951963
1705717	0.0002873447996334019	Patulibacter brassicae	Patulibacter	Patulibacteraceae	Solirubrobacterales	Thermoleophilia	Actinobacteria	Terrabacteria group	Bacteria				15.74275953751519
1181271	0.00045038081993571997	Endobacter medicaginis	Endobacter	Acetobacteraceae	Rhodospirillales	Alphaproteobacteria	Proteobacteria		Bacteria				24.67501398181829
153721	0.000546102459713121	Sporocytophaga myxococcoides	Sporocytophaga	Cytophagaceae	Cytophagales	Cytophagia	Bacteroidetes	FCB group	Bacteria				29.91931546030276
375489	0.00030412320930599945	Paenibacillus cellulosilyticus	Paenibacillus	Paenibacillaceae	Bacillales	Bacilli	Firmicutes	Terrabacteria group	Bacteria				16.661998268247793
1118963	0.00047118775003738905	Arthrobacter sp. Rue61a	Arthrobacter	Micrococcaceae	Micrococcales	Actinobacteria	Actinobacteria	Terrabacteria group	Bacteria				25.814963261298434
2665495	0.0002501475653103774	Phenylobacterium terrae	Phenylobacterium	Caulobacteraceae	Caulobacterales	Alphaproteobacteria	Proteobacteria		Bacteria				13.704834660659646
1650658	0.0010769298684682226	Actinobacteria bacterium IMCC26256				Actinobacteria	Actinobacteria	Terrabacteria group	Bacteria				59.001756703768514
360411	0.0005550889133063234	Bellilinea caldifistulae	Bellilinea	Anaerolineaceae	Anaerolineales	Anaerolineae	Chloroflexi	Terrabacteria group	Bacteria				30.411656293313538
139808	0.0011553467913306152	Shimazuella kribbensis	Shimazuella	Thermoactinomycetaceae	Bacillales	Bacilli	Firmicutes	Terrabacteria group	Bacteria				63.29798465663041
104087	0.0003780717552557331	Pseudomonas frederiksbergensis	Pseudomonas	Pseudomonadaceae	Pseudomonadales	Gammaproteobacteria	Proteobacteria		Bacteria				20.71341725519585
1099794	0.00034334602158261906	Portibacter lacus	Portibacter	Haliscomenobacteraceae	Saprospirales	Saprospiria	Bacteroidetes	FCB group	Bacteria				18.810898484446952
384	0.0010030912553327625	Rhizobium leguminosarum	Rhizobium	Rhizobiaceae	Rhizobiales	Alphaproteobacteria	Proteobacteria		Bacteria				54.95636060591606
133453	0.0009012385791063236	Caldilinea aerophila	Caldilinea	Caldilineaceae	Caldilineales	Caldilineae	Chloroflexi	Terrabacteria group	Bacteria				49.37615803349815
1357915	0.0006209255011376216	Arthrobacter sp. QXT-31	Arthrobacter	Micrococcaceae	Micrococcales	Actinobacteria	Actinobacteria	Terrabacteria group	Bacteria				34.01864543082687
666686	0.0005801970647218511	Bacillus sp. 1NLA3E	Bacillus	Bacillaceae	Bacillales	Bacilli	Firmicutes	Terrabacteria group	Bacteria				31.787256584916058
2052837	0.00022728133641429892	Neisseriaceae bacterium DSM 100970		Neisseriaceae	Neisseriales	Betaproteobacteria	Proteobacteria		Bacteria				12.452062578130194
103816	0.0003977423391569507	Rhodococcus pyridinivorans	Rhodococcus	Nocardiaceae	Corynebacteriales	Actinobacteria	Actinobacteria	Terrabacteria group	Bacteria				21.791109535391858
2509675	0.00026516155914998047	Ktedonosporobacter rubrisoli	Ktedonosporobacter	Ktedonosporobacteraceae	Ktedonobacterales	Ktedonobacteria	Chloroflexi	Terrabacteria group	Bacteria				14.52740634114998
1636152	0.00027338570136316753	Planctomyces sp. SH-PL62	Planctomyces	Planctomycetaceae	Planctomycetales	Planctomycetia	Planctomycetes	PVC group	Bacteria				14.97798242058386
1079	0.0003939586666496189	Blastochloris viridis	Blastochloris	Hyphomicrobiaceae	Rhizobiales	Alphaproteobacteria	Proteobacteria		Bacteria				21.58381346973267
2736	0.001208423108179113	Verrucomicrobium spinosum	Verrucomicrobium	Verrucomicrobiaceae	Verrucomicrobiales	Verrucomicrobiae	Verrucomicrobia	PVC group	Bacteria				66.20587682780906
2100740	0.00047309241479216024	Pedobacter mongoliensis	Pedobacter	Sphingobacteriaceae	Sphingobacteriales	Sphingobacteriia	Bacteroidetes	FCB group	Bacteria				25.919314129218083
659595	0.00033239403131467103	Chiayiivirga flava	Chiayiivirga	Rhodanobacteraceae	Xanthomonadales	Gammaproteobacteria	Proteobacteria		Bacteria				18.210871793636883
1813871	0.0006580196640453745	Panacibacter ginsenosidivorans	Panacibacter	Chitinophagaceae	Chitinophagales	Chitinophagia	Bacteroidetes	FCB group	Bacteria				36.050923334053934
28049	0.0006232809751897541	Acidothermus cellulolyticus	Acidothermus	Acidothermaceae	Acidothermales	Actinobacteria	Actinobacteria	Terrabacteria group	Bacteria				34.14769478772106
1052258	0.0005128351240279975	Arenimonas daechungensis	Arenimonas	Xanthomonadaceae	Xanthomonadales	Gammaproteobacteria	Proteobacteria		Bacteria				28.0966979401219
56731	0.00030314654092889306	Rhizobium giardinii	Rhizobium	Rhizobiaceae	Rhizobiales	Alphaproteobacteria	Proteobacteria		Bacteria				16.608489537871264
2303505	0.0005116537408420762	Psychrobacillus sp. AK 1817	Psychrobacillus	Bacillaceae	Bacillales	Bacilli	Firmicutes	Terrabacteria group	Bacteria				28.03197349951483
2572087	0.00045475651651756755	Candidatus Saccharibacteria bacterium oral taxon 955					Candidatus Saccharibacteria	Bacteria candidate phyla	Bacteria				24.914745270447973
1892855	0.00037530306515469003	Sphingosinicella sp. BN140058	Sphingosinicella	Sphingomonadaceae	Sphingomonadales	Alphaproteobacteria	Proteobacteria		Bacteria				20.56172903063
450367	0.0005622018270128048	[Brevibacterium] frigoritolerans	Bacillus	Bacillaceae	Bacillales	Bacilli	Firmicutes	Terrabacteria group	Bacteria				30.801351496550538
1478	0.00032788855149685586	Peribacillus simplex	Peribacillus	Bacillaceae	Bacillales	Bacilli	Firmicutes	Terrabacteria group	Bacteria				17.964030070858243
2066483	0.00022349037560267328	Candidatus Dependentiae bacterium (ex Spumella elongata CCAP 955/1)						Bacteria candidate phyla	Bacteria				12.244367208143661
1963835	0.0003409220046221848	Arboricoccus pini	Arboricoccus	Geminicoccaceae	Rhodospirillales	Alphaproteobacteria	Proteobacteria		Bacteria				18.67809386723564
1034944	0.00043573654600392663	Legionella tunisiensis	Legionella	Legionellaceae	Legionellales	Gammaproteobacteria	Proteobacteria		Bacteria				23.872698145917127
760012	0.0003369940110213254	Phenylobacterium muchangponense	Phenylobacterium	Caulobacteraceae	Caulobacterales	Alphaproteobacteria	Proteobacteria		Bacteria				18.462890881825356
1592105	0.0002737143502578435	Tellurimicrobium multivorans	Tellurimicrobium	Blastocatellaceae	Blastocatellales	Blastocatellia	Acidobacteria		Bacteria				14.995988107576471
2528035	0.0006217435143508257	Phycisphaerae bacterium RAS2				Phycisphaerae	Planctomycetes	PVC group	Bacteria				34.06346192073869
1516104	0.00024622144779294327	Bacillus solisilvae	Bacillus	Bacillaceae	Bacillales	Bacilli	Firmicutes	Terrabacteria group	Bacteria				13.489734460231983
unassigned	0.0												11.0
